<?xml version="1.0" encoding="UTF-8"?>
<monster name="Ancient Scarab" nameDescription="an ancient scarab" race="venom" experience="720" speed="230" manacost="0">
	<health now="1000" max="1000"/>
	<look type="79" corpse="6021"/>
	<targetchange interval="4000" chance="10"/>
	<flags>
        <flag summonable="0"/>
		<flag attackable="1"/>
		<flag hostile="1"/>
		<flag illusionable="0"/>
		<flag convinceable="0"/>
		<flag pushable="0"/>
		<flag canpushitems="1"/>
		<flag canpushcreatures="1"/>
		<flag targetdistance="1"/>
		<flag staticattack="80"/>
		<flag runonhealth="0"/>
	</flags>
	<attacks>
		<attack name="melee" interval="2000" skill="30" attack="65" poison="56"/>
		<attack name="poison" interval="2000" chance="20" range="7" min="-15" max="-145">
			<attribute key="shootEffect" value="poison"/>
			<attribute key="areaEffect" value="poison"/>
		</attack>
		<attack name="speed" interval="2000" chance="15" range="7" speedchange="-700" duration="25000">
			<attribute key="shootEffect" value="poison"/>
			<attribute key="areaEffect" value="poison"/>
		</attack>
		<attack name="poisoncondition" interval="2000" chance="30" radius="5" target="0" min="-440" max="-520">
			<attribute key="areaEffect" value="poison"/>
		</attack>
	</attacks>
	<defenses armor="30" defense="30">
		<defense name="speed" interval="2000" chance="15" speedchange="380" duration="5000">
			<attribute key="areaEffect" value="redshimmer"/>
		</defense>
	</defenses>
	<elements>
		<element energyPercent="20"/>
		<element physicalPercent="10"/>
		<element firePercent="-20"/>
		<element icePercent="-5"/>
	</elements>
	<immunities>
		<immunity earth="1"/>
		<immunity paralyze="1"/>
		<immunity invisible="1"/>
	</immunities>
	<summons maxSummons="3">
		<summon name="Larva" interval="2000" chance="10" max="3"/>
	</summons>
	<loot>
		<item id="2148" countmax="90" chance="50000"/><!-- gold coin -->
		<item id="2148" countmax="97" chance="50000"/><!-- gold coin -->
		<item id="2162" chance="11480"/><!-- magic lightwand -->
		<item id="2463" chance="10300"/><!-- plate armor -->
		<item id="2159" countmax="2" chance="7692"/><!-- scarab coin -->
		<item id="2149" countmax="3" chance="4810"/><!-- small emerald -->
		<item id="21400" chance="750" /><!-- silver raid token -->
		<item id="2150" countmax="4" chance="5000"/><!-- small amethyst -->
		<item id="10548" chance="3571"/><!-- scarab pincers -->
		<item id="2142" chance="2570"/><!-- ancient amulet -->
		<item id="2135" chance="3410"/><!-- scarab amulet -->
		<item id="7903" chance="490"/><!-- terra hood -->
		<item id="7588" chance="660"/><!-- strong health potion -->
		<item id="2440" chance="420"/><!-- daramanian waraxe -->
		<item id="2540" chance="480"/><!-- scarab shield -->
	</loot>
</monster>
