<?xml version="1.0" encoding="utf-8"?>
<monster name="Bear" namedescription="a bear" race="blood" experience="23" speed="145" manacost="300">
	<health now="80" max="80"/>
	<look type="16" corpse="5975"/>
	<targetchange interval="4000" chance="0"/>
	<flags>
	    <flag summonable="1"/>
		<flag attackable="1"/>
		<flag hostile="1"/>
		<flag illusionable="1"/>
		<flag convinceable="1"/>
		<flag pushable="0"/>
		<flag canpushitems="0"/>
		<flag canpushcreatures="0"/>
		<flag targetdistance="1"/>
		<flag staticattack="90"/>
		<flag runonhealth="15"/>
	</flags>
	<attacks>
		<attack name="melee" interval="2000" skill="40" attack="10"/>
	</attacks>
	<defenses armor="10" defense="10"/>
	<elements>
		<element holyPercent="10"/>
		<element icePercent="-10"/>
		<element deathPercent="-5"/>
	</elements>
	<voices interval="5000" chance="10">
		<voice sentence="Grrrr"/>
		<voice sentence="Groar"/>
	</voices>
	<loot>
		<item id="5896" chance="2000"/><!-- bear paw -->
		<item id="2671" countmax="3" chance="20000"/><!-- ham -->
		<item id="2666" countmax="4" chance="39750"/><!-- meat -->
		<item id="5902" chance="460"/><!-- honeycomb -->
		<item id="21400" chance="750" /><!-- silver raid token -->
	</loot>
</monster>
