<?xml version="1.0" encoding="UTF-8"?>
<monster name="Cave Rat" nameDescription="a cave rat" race="blood" experience="10" speed="150" manacost="250">
	<health now="30" max="30"/>
	<look type="56" corpse="5964"/>
	<targetchange interval="4000" chance="0"/>
	<flags>
	    <flag summonable="1"/>
		<flag attackable="1"/>
		<flag hostile="1"/>
		<flag illusionable="1"/>
		<flag convinceable="1"/>
		<flag pushable="1"/>
		<flag canpushitems="0"/>
		<flag canpushcreatures="0"/>
		<flag targetdistance="1"/>
		<flag staticattack="90"/>
		<flag runonhealth="3"/>
	</flags>
	<attacks>
		<attack name="melee" interval="2000" skill="10" attack="10"/>
	</attacks>
	<defenses armor="5" defense="5"/>
	<elements>
		<element firePercent="-10"/>
	</elements>
	<voices interval="5000" chance="10">
		<voice sentence="Meeeeep!"/>
		<voice sentence="Meep!"/>
	</voices>
	<loot>
		<item id="2148" countmax="2" chance="85000"/><!-- gold coin -->
		<item id="3976" countmax="2" chance="9700"/><!-- worm -->
		<item id="21400" chance="750" /><!-- silver raid token -->
		<item id="2696" chance="30000"/><!-- cheese -->
		<item id="2687" chance="750"/><!-- cookie -->
	</loot>
</monster>
