<?xml version="1.0" encoding="UTF-8"?>
<monster name="Crypt Shambler" nameDescription="a crypt shambler" race="undead" experience="195" speed="170" manacost="580">
	<health now="330" max="330"/>
	<look type="100" corpse="6029"/>
	<targetchange interval="4000" chance="10"/>
	<flags>
        <flag summonable="0"/>
		<flag attackable="1"/>
		<flag hostile="1"/>
		<flag illusionable="1"/>
		<flag convinceable="1"/>
		<flag pushable="0"/>
		<flag canpushitems="1"/>
		<flag canpushcreatures="1"/>
		<flag targetdistance="1"/>
		<flag staticattack="90"/>
		<flag runonhealth="0"/>
	</flags>
	<attacks>
		<attack name="melee" interval="2000" min="0" max="-140"/>
		<attack name="lifedrain" interval="2000" chance="15" range="1" min="-28" max="-55"/>
	</attacks>
	<defenses armor="25" defense="25"/>
	<elements>
		<element holyPercent="-25"/>
	</elements>
	<immunities>
		<immunity lifedrain="1"/>
		<immunity paralyze="1"/>
		<immunity earth="1"/>
		<immunity death="1"/>
		<immunity drown="1"/>
	</immunities>
	<voices interval="5000" chance="10">
		<voice sentence="Aaaaahhhh!"/>
		<voice sentence="Hoooohhh!"/>
		<voice sentence="Uhhhhhhh!"/>
		<voice sentence="Chhhhhhh!"/>
	</voices>
	<loot>
		<item id="2148" countmax="55" chance="57000"/>	<!-- gold coin -->
		<item id="3976" countmax="10" chance="9000"/>	<!-- worm -->
		<item id="11200" chance="5000"/>				<!-- half-digested piece of meat -->
		<item id="2230" chance="5000"/>					<!-- bone -->
		<item id="2459" chance="2130"/>					<!-- iron helmet -->
		<item id="21400" chance="750" /><!-- silver raid token -->
		<item id="2459" chance="2000"/>					<!-- two handed sword -->
		<item id="2227" chance="1850"/>					<!-- rotten meat -->
		<item id="2450" chance="1000"/>					<!-- bone sword -->
		<item id="2541" chance="1000"/>					<!-- bone shield -->
		<item id="2399" countmax="3" chance="910"/>		<!-- throwing star -->
		<item id="2145" chance="510"/>					<!-- small diamond -->
	</loot>
</monster>
