<?xml version="1.0" encoding="UTF-8"?>
<monster name="Cyclops" nameDescription="a cyclops" race="blood" experience="150" speed="200" manacost="490">
	<health now="260" max="260"/>
	<look type="22" corpse="5962"/>
	<targetchange interval="4000" chance="10"/>
	<flags>
	    <flag summonable="1"/>
		<flag attackable="1"/>
		<flag hostile="1"/>
		<flag illusionable="1"/>
		<flag convinceable="1"/>
		<flag pushable="0"/>
		<flag canpushitems="1"/>
		<flag canpushcreatures="1"/>
		<flag targetdistance="1"/>
		<flag staticattack="90"/>
		<flag runonhealth="0"/>
	</flags>
	<attacks>
		<attack name="melee" interval="2000" skill="60" attack="30"/>
	</attacks>
	<defenses armor="20" defense="20"/>
	<elements>
		<element energyPercent="25"/>
		<element holyPercent="20"/>
		<element earthPercent="-10"/>
		<element deathPercent="-10"/>
	</elements>
	<voices interval="5000" chance="10">
		<voice sentence="Il lorstok human!"/>
		<voice sentence="Toks utat."/>
		<voice sentence="Human, uh whil dyh!"/>
		<voice sentence="Youh ah trak!"/>
		<voice sentence="Let da mashing begin!"/>
	</voices>
	<loot>
		<item id="2148" countmax="47" chance="82000"/><!-- gold coin -->
		<item id="7618" chance="210"/><!-- health potion -->
		<item id="2666" chance="30070"/><!-- meat -->
		<item id="2510" chance="2500"/><!-- plate shield -->
		<item id="21400" chance="750" /><!-- silver raid token -->
		<item id="2406" chance="8000"/><!-- short sword -->
		<item id="2513" chance="1400"/><!-- battle shield -->
		<item id="2129" chance="190"/><!-- wolf tooth chain -->
		<item id="2381" chance="1003"/><!-- halberd -->
		<item id="2490" chance="220"/><!-- dark helmet -->
		<item id="2209" chance="90"/><!-- club ring -->
		<item id="7398" chance="80"/><!-- cyclops trophy -->
		<item id="10574" chance="4930"/><!-- cyclops toe -->
	</loot>
</monster>
