<?xml version="1.0" encoding="UTF-8"?>
<monster name="Dragon Lord" nameDescription="a dragon lord" race="blood" experience="2100" speed="200" manacost="0">
	<health now="1900" max="1900"/>
	<look type="39" corpse="5984"/>
	<targetchange interval="4000" chance="10"/>
	<flags>
        <flag summonable="0"/>
		<flag attackable="1"/>
		<flag hostile="1"/>
		<flag illusionable="1"/>
		<flag convinceable="0"/>
		<flag pushable="0"/>
		<flag canpushitems="1"/>
		<flag canpushcreatures="1"/>
		<flag targetdistance="1"/>
		<flag staticattack="80"/>
		<flag runonhealth="300"/>
	</flags>
	<attacks>
		<attack name="melee" interval="2000" skill="105" attack="40"/>
		<attack name="fire" interval="2000" chance="20" range="7" radius="4" target="1" min="-100" max="-200">
			<attribute key="shootEffect" value="fire"/>
			<attribute key="areaEffect" value="firearea"/>
		</attack>
		<attack name="firefield" interval="2000" chance="10" range="7" radius="4" target="1">
			<attribute key="shootEffect" value="fire"/>
		</attack>
		<attack name="fire" interval="2000" chance="15" length="8" spread="3" min="-150" max="-230">
			<attribute key="areaEffect" value="firearea"/>
		</attack>
	</attacks>
	<defenses armor="35" defense="35">
		<defense name="healing" interval="2000" chance="15" min="57" max="93">
			<attribute key="areaEffect" value="blueshimmer"/>
		</defense>
	</defenses>
	<elements>
		<element earthPercent="80"/>
		<element energyPercent="20"/>
		<element icePercent="-10"/>
	</elements>
	<immunities>
		<immunity paralyze="1"/>
		<immunity invisible="1"/>
		<immunity fire="1"/>
	</immunities>
	<voices interval="5000" chance="10">
		<voice sentence="ZCHHHHH" yell="1"/>
		<voice sentence="YOU WILL BURN!" yell="1"/>
	</voices>
	<loot>
		<item id="2148" countmax="100" chance="33750"/><!-- gold coin -->
		<item id="2148" countmax="100" chance="33750"/><!-- gold coin -->
		<item id="2148" countmax="45" chance="33750"/><!-- gold coin -->
		<item id="1976" chance="9000"/><!-- gemmed book -->
		<item id="2672" countmax="5" chance="80000"/><!-- dragon ham -->
		<item id="7399" chance="80"/><!-- dragon lord trophy -->
		<item id="2167" chance="5250"/><!-- energy ring -->
		<item id="2392" chance="290"/><!-- fire sword -->
		<item id="2033" chance="3190"/><!-- golden mug -->
		<item id="2796" chance="12000"/><!-- green mushroom -->
		<item id="2177" chance="680"/><!-- life crystal -->
		<item id="2547" countmax="7" chance="6700"/><!-- power bolt -->
		<item id="5948" chance="1040"/><!-- red dragon leather -->
		<item id="5882" chance="1920"/><!-- red dragon scale -->
		<item id="21400" chance="750" /><!-- silver raid token -->
		<item id="2498" chance="780"/><!-- royal helmet -->
		<item id="7378" countmax="3" chance="8800"/><!-- royal spear -->
		<item id="2146" chance="5300"/><!-- small sapphire -->
		<item id="2479" chance="360"/><!-- strange helmet -->
		<item id="7588" chance="970"/><!-- strong health potion -->
		<item id="2528" chance="1250"/><!-- tower shield -->
		<item id="7402" chance="600"/><!-- dragon slayer -->
		<item id="2492" chance="770"/><!-- dragon scale mail -->
	</loot>
</monster>