<?xml version="1.0" encoding="UTF-8"?>
<monster name="Dragon" nameDescription="a dragon" race="blood" experience="700" speed="185" manacost="0">
	<health now="1000" max="1000"/>
	<look type="34" corpse="5973"/>
	<targetchange interval="4000" chance="10"/>
	<flags>
        <flag summonable="0"/>
		<flag attackable="1"/>
		<flag hostile="1"/>
		<flag illusionable="1"/>
		<flag convinceable="0"/>
		<flag pushable="0"/>
		<flag canpushitems="1"/>
		<flag canpushcreatures="1"/>
		<flag targetdistance="1"/>
		<flag staticattack="80"/>
		<flag runonhealth="300"/>
	</flags>
	<attacks>
		<attack name="melee" interval="2000" skill="50" attack="40"/>
		<attack name="fire" interval="2000" chance="15" range="7" radius="4" target="1" min="-60" max="-140">
			<attribute key="shootEffect" value="fire"/>
			<attribute key="areaEffect" value="firearea"/>
		</attack>
		<attack name="fire" interval="2000" chance="10" length="8" spread="3" min="-100" max="-170">
			<attribute key="areaEffect" value="firearea"/>
		</attack>
	</attacks>
	<defenses armor="30" defense="30">
		<defense name="healing" interval="2000" chance="15" min="40" max="70">
			<attribute key="areaEffect" value="blueshimmer"/>
		</defense>
	</defenses>
	<elements>
		<element earthPercent="80"/>
		<element energyPercent="20"/>
		<element icePercent="-10"/>
	</elements>
	<immunities>
		<immunity paralyze="1"/>
		<immunity invisible="1"/>
		<immunity fire="1"/>
	</immunities>
	<voices interval="5000" chance="10">
		<voice sentence="GROOAAARRR" yell="1"/>
		<voice sentence="FCHHHHH" yell="1"/>
	</voices>
	<loot>
		<item id="2148" countmax="70" chance="47500"/><!-- gold coin -->
		<item id="2148" countmax="45" chance="37500"/><!-- gold coin -->
		<item id="12413" chance="9740"/><!-- dragon's tail -->
		<item id="2672" countmax="3" chance="65500"/><!-- dragon ham -->
		<item id="2509" chance="15000"/><!-- steel shield -->
		<item id="2455" chance="10000"/><!-- crossbow -->
		<item id="2397" chance="4000"/><!-- longsword -->
		<item id="2457" chance="3000"/><!-- steel helmet -->
		<item id="2647" chance="2000"/><!-- plate legs -->
		<item id="2413" chance="1950"/><!-- broadsword -->
		<item id="7588" chance="1000"/><!-- strong health potion -->
		<item id="2387" chance="960"/><!-- double axe -->
		<item id="2187" chance="1005"/><!-- wand of inferno -->
		<item id="5920" chance="1000"/><!-- green dragon scale -->
		<item id="21400" chance="750" /><!-- silver raid token -->
		<item id="2434" chance="560"/><!-- dragon hammer -->
		<item id="5877" chance="1005"/><!-- green dragon leather -->
		<item id="2145" chance="380"/><!-- small diamond -->
		<item id="2516" chance="320"/><!-- dragon shield -->
		<item id="2409" chance="420"/><!-- serpent sword -->
		<item id="7430" chance="110"/><!-- dragonbone staff -->
		<item id="2177" chance="120"/><!-- life crystal -->
		<item id="2546" countmax="10" chance="8060"/><!-- burst arrow -->
	</loot>
</monster>
