<?xml version="1.0" encoding="UTF-8"?>
<monster name="Elf Arcanist" nameDescription="an elf arcanist" race="blood" experience="175" speed="170" manacost="0">
	<health now="220" max="220"/>
	<look type="63" corpse="6011"/>
	<targetchange interval="4000" chance="10"/>
	<flags>
        <flag summonable="0"/>
		<flag attackable="1"/>
		<flag hostile="1"/>
		<flag illusionable="0"/>
		<flag convinceable="0"/>
		<flag pushable="0"/>
		<flag canpushitems="1"/>
		<flag canpushcreatures="0"/>
		<flag targetdistance="4"/>
		<flag staticattack="90"/>
		<flag runonhealth="0"/>
	</flags>
	<attacks>
		<attack name="melee" interval="2000" skill="25" attack="20"/>
		<attack name="physical" interval="2000" chance="10" range="7" min="-0" max="-70">
			<attribute key="shootEffect" value="arrow"/>
		</attack>
		<attack name="energy" interval="2000" chance="10" range="7" min="-30" max="-50">
			<attribute key="shootEffect" value="energy"/>
			<attribute key="areaEffect" value="energy"/>
		</attack>
		<attack name="death" interval="2000" chance="10" range="7" min="-70" max="-85">
			<attribute key="shootEffect" value="suddendeath"/>
			<attribute key="areaEffect" value="smallclouds"/>
		</attack>
	</attacks>
	<defenses armor="15" defense="15">
		<defense name="healing" interval="2000" chance="15" min="40" max="60">
			<attribute key="areaEffect" value="blueshimmer"/>
		</defense>
	</defenses>
	<elements>
		<element firePercent="50"/>
		<element energyPercent="20"/>
		<element deathPercent="20"/>
		<element holyPercent="-10"/>
	</elements>
	<immunities>
		<immunity invisible="1"/>
	</immunities>
	<voices interval="5000" chance="10">
		<voice sentence="Feel my wrath!"/>
		<voice sentence="For the Daughter of the Stars!"/>
		<voice sentence="I'll bring balance upon you!"/>
		<voice sentence="Tha'shi Cenath!"/>
		<voice sentence="Vihil Ealuel!"/>
	</voices>
	<loot>
		<item id="2148" countmax="47" chance="37000"/><!-- gold coin -->
		<item id="2544" countmax="3" chance="6000"/><!-- arrow -->
		<item id="1949" chance="31000"/><!-- scroll -->
		<item id="2260" chance="18000"/><!-- blank rune -->
		<item id="2642" chance="950"/><!-- sandals -->
		<item id="2682" chance="22000"/><!-- melon -->
		<item id="2689" chance="14000"/><!-- bread -->
		<item id="21400" chance="750" /><!-- silver raid token -->
		<item id="2652" chance="7000"/><!-- green tunic -->
		<item id="12421" chance="7710"/><!-- Elven Astral Observer -->
		<item id="2600" chance="1000"/><!-- inkwell -->
		<item id="2802" chance="5000"/><!-- sling herb -->
		<item id="2047" chance="2100"/><!-- candlestick-->
		<item id="2198" chance="1999"/><!-- elven amulet -->
		<item id="5922" chance="2100"/><!-- holy orchid -->
		<item id="7589" chance="3000"/><!-- strong mana potion -->
		<item id="7618" chance="4000"/><!-- health potion -->
		<item id="2189" chance="1160"/><!-- wand of cosmic energy -->
		<item id="2747" chance="880"/><!-- grave flower -->
		<item id="2177" chance="970"/><!-- life crystal -->
		<item id="2154" chance="50"/><!-- yellow gem -->
		<item id="10552" chance="10000"/><!-- elvish talisman -->
	</loot>
</monster>
