<?xml version="1.0" encoding="UTF-8"?>
<monster name="Elf Scout" nameDescription="an elf scout" race="blood" experience="75" speed="170" manacost="360">
	<health now="160" max="160"/>
	<look type="64" corpse="6012"/>
	<targetchange interval="4000" chance="10"/>
	<flags>
	    <flag summonable="1"/>
		<flag attackable="1"/>
		<flag hostile="1"/>
		<flag illusionable="1"/>
		<flag convinceable="1"/>
		<flag pushable="0"/>
		<flag canpushitems="1"/>
		<flag canpushcreatures="0"/>
		<flag targetdistance="4"/>
		<flag staticattack="90"/>
		<flag runonhealth="0"/>
	</flags>
	<attacks>
		<attack name="melee" interval="2000" skill="20" attack="20"/>
		<attack name="physical" interval="2000" chance="15" range="7" min="-0" max="-80">
			<attribute key="shootEffect" value="arrow"/>
		</attack>
	</attacks>
	<defenses armor="10" defense="10"/>
	<elements>
		<element holyPercent="20"/>
		<element deathPercent="-1"/>
	</elements>
	<immunities>
		<immunity invisible="1"/>
	</immunities>
	<voices interval="5000" chance="10">
		<voice sentence="Tha'shi Ab'Dendriel!"/>
		<voice sentence="Feel the sting of my arrows!"/>
		<voice sentence="Thy blood will quench the soil's thirst!"/>
		<voice sentence="Evicor guide my arrow."/>
		<voice sentence="Your existence will end here!"/>
	</voices>
	<loot>
		<item id="2148" countmax="25" chance="75000"/><!-- gold coin -->
		<item id="2544" countmax="12" chance="30710"/><!-- arrow -->
		<item id="2545" countmax="4" chance="15400"/><!-- poison arrow -->
		<item id="2681" chance="17750"/><!-- grape -->
		<item id="2031" chance="1350"/><!-- waterskin -->
		<item id="12420" chance="9750"/><!-- Elven Scouting Glass -->
		<item id="21400" chance="750" /><!-- silver raid token -->
		<item id="2642" chance="1180"/><!-- sandals -->
		<item id="10552" chance="5200"/><!-- elvish talisman -->
		<item id="2456" chance="4000"/><!-- bow -->
		<item id="5921" chance="1130"/><!-- heaven blossom -->
		<item id="7438" chance="140"/><!-- elvish bow -->
	</loot>
</monster>
