<?xml version="1.0" encoding="UTF-8"?>
<monster name="Elf" nameDescription="an elf" race="blood" experience="42" speed="170" manacost="320">
	<health now="100" max="100"/>
	<look type="62" corpse="6003"/>
	<targetchange interval="4000" chance="0"/>
	<flags>
	    <flag summonable="1"/>
		<flag attackable="1"/>
		<flag hostile="1"/>
		<flag illusionable="1"/>
		<flag convinceable="1"/>
		<flag pushable="1"/>
		<flag canpushitems="0"/>
		<flag canpushcreatures="0"/>
		<flag targetdistance="1"/>
		<flag staticattack="90"/>
		<flag runonhealth="0"/>
	</flags>
	<attacks>
		<attack name="melee" interval="2000" skill="10" attack="15"/>
		<attack name="physical" interval="2000" chance="10" range="7" min="-0" max="-25">
			<attribute key="shootEffect" value="arrow"/>
		</attack>
	</attacks>
	<defenses armor="10" defense="10"/>
	<elements>
		<element holyPercent="20"/>
		<element deathPercent="-1"/>
	</elements>
	<immunities>
		<immunity invisible="1"/>
	</immunities>
	<voices interval="5000" chance="10">
		<voice sentence="Ulathil beia Thratha!"/>
		<voice sentence="Bahaha aka!"/>
		<voice sentence="You are not welcome here."/>
		<voice sentence="Flee as long as you can."/>
		<voice sentence="Death to the defilers!"/>
	</voices>
	<loot>
		<item id="2148" countmax="30" chance="44000"/><!-- gold coin -->
		<item id="2544" countmax="3" chance="7060"/><!-- arrow -->
		<item id="8839" countmax="2" chance="20000"/><!-- plum -->
		<item id="2397" chance="10800"/><!-- longsword -->
		<item id="2643" chance="11410"/><!-- leather boots -->
		<item id="21400" chance="750" /><!-- silver raid token -->
		<item id="2510" chance="9300"/><!-- plate shield -->
		<item id="2484" chance="8960"/><!-- studded armor -->
		<item id="2482" chance="13500"/><!-- studded helmet -->
		<item id="5921" chance="940"/><!-- heaven blossom -->
		<item id="10552" chance="2100"/><!-- elvish talisman -->
	</loot>
</monster>
