<?xml version="1.0" encoding="UTF-8"?>
<monster name="Gargoyle" nameDescription="a gargoyle" race="undead" experience="150" speed="200" manacost="0">
	<health now="250" max="250"/>
	<look type="95" corpse="6027"/>
	<targetchange interval="4000" chance="10"/>
	<flags>
        <flag summonable="0"/>
		<flag attackable="1"/>
		<flag hostile="1"/>
		<flag illusionable="1"/>
		<flag convinceable="0"/>
		<flag pushable="0"/>
		<flag canpushitems="1"/>
		<flag canpushcreatures="1"/>
		<flag targetdistance="1"/>
		<flag staticattack="70"/>
		<flag runonhealth="30"/>
	</flags>
	<attacks>
		<attack name="melee" interval="2000" skill="55" attack="20"/>
	</attacks>
	<defenses armor="25" defense="25">
		<defense name="healing" interval="2000" chance="20" min="5" max="15">
			<attribute key="areaEffect" value="blueshimmer"/>
		</defense>
	</defenses>
	<elements>
		<element physicalPercent="40"/>
		<element deathPercent="1"/>
		<element firePercent="-10"/>
	</elements>
	<immunities>
		<immunity lifedrain="1"/>
		<immunity earth="1"/>
	</immunities>
	<voices interval="5000" chance="10">
		<voice sentence="Harrrr Harrrr!"/>
		<voice sentence="Stone sweet stone."/>
		<voice sentence="Feel my claws, softskin."/>
		<voice sentence="Chhhhhrrrrk!"/>
		<voice sentence="There is a stone in your shoe!"/>
	</voices>
	<loot>
		<item id="2148" countmax="30" chance="88000"/><!-- gold coin -->
		<item id="2513" chance="1000"/><!-- battle shield -->
		<item id="8838" countmax="2" chance="9220"/><!-- potatoes -->
		<item id="2680" countmax="5" chance="1810"/><!-- strawberries -->
		<item id="2394" chance="2150"/><!-- morning star -->
		<item id="11343" chance="630"/><!-- piece of marble rock -->
		<item id="21400" chance="750" /><!-- silver raid token -->
		<item id="2194" countmax="10" chance="15800"/><!-- small stone -->
		<item id="2457" chance="850"/><!-- steel helmet -->
		<item id="2489" chance="300"/><!-- dark armor -->
		<item id="2129" chance="1480"/><!-- wolf tooth chain -->
		<item id="2209" chance="260"/><!-- club ring -->
		<item id="11227" chance="190"/><!-- shiny stone -->
		<item id="11195" chance="11730"/><!-- stone wing -->
	</loot>
</monster>
