<?xml version="1.0" encoding="UTF-8"?>
<monster name="Ghost" nameDescription="a ghost" race="undead" experience="120" speed="160" manacost="100">
	<health now="150" max="150"/>
	<look type="48" corpse="5993"/>
	<targetchange interval="4000" chance="0"/>
	<flags>
        <flag summonable="0"/>
		<flag attackable="1"/>
		<flag hostile="1"/>
		<flag illusionable="0"/>
		<flag convinceable="0"/>
		<flag pushable="0"/>
		<flag canpushitems="1"/>
		<flag canpushcreatures="0"/>
		<flag targetdistance="1"/>
		<flag staticattack="90"/>
		<flag runonhealth="0"/>
	</flags>
	<attacks>
		<attack name="melee" interval="2000" skill="30" attack="40"/>
		<attack name="lifedrain" interval="2000" chance="15" range="1" min="-20" max="-45">
			<attribute key="areaEffect" value="redshimmer"/>
		</attack>
	</attacks>
	<immunities>
		<immunity physical="1"/>
		<immunity drown="1"/>
		<immunity earth="1"/>
		<immunity death="1"/>
		<immunity lifedrain="1"/>
		<immunity paralyze="1"/>
	</immunities>
	<voices interval="5000" chance="10">
		<voice sentence="Huh!"/>
		<voice sentence="Shhhhhh"/>
		<voice sentence="Buuuuuh"/>
	</voices>
	<loot>
		<item id="2394" chance="10610"/><!-- morning star -->
		<item id="2404" chance="7002"/><!-- combat knife -->
		<item id="21400" chance="750" /><!-- silver raid token -->
		<item id="2804" chance="14400"/><!-- shadow herb -->
		<item id="2654" chance="8800"/><!-- cape -->
		<item id="1962" chance="1310"/><!-- orange book -->
		<item id="5909" chance="1940"/><!-- white piece of cloth -->
		<item id="2532" chance="860"/><!-- ancient shield -->
		<item id="2165" chance="180"/><!-- stealth ring -->
		<item id="10607" chance="1870"/><!-- ghostly tissue -->
	</loot>
</monster>
