<?xml version="1.0" encoding="UTF-8"?>
<monster name="Goblin Leader" nameDescription="a goblin leader" race="blood" experience="50" speed="160" manacost="290">
	<health now="75" max="75"/>
	<look type="61" corpse="6002"/>
	<targetchange interval="4000" chance="10"/>
	<flags>
	    <flag summonable="1"/>
		<flag attackable="1"/>
		<flag hostile="1"/>
		<flag illusionable="1"/>
		<flag convinceable="1"/>
		<flag pushable="1"/>
		<flag canpushitems="0"/>
		<flag canpushcreatures="0"/>
		<flag targetdistance="1"/>
		<flag staticattack="90"/>
		<flag runonhealth="10"/>
	</flags>
	<attacks>
		<attack name="melee" interval="2000" skill="40" attack="20"/>
		<attack name="physical" interval="2000" chance="15" range="7" min="-0" max="-45">
			<attribute key="shootEffect" value="smallstone"/>
		</attack>
	</attacks>
	<defenses armor="10" defense="10"/>
	<voices interval="5000" chance="10">
		<voice sentence="Go go, Gobo attack !!"/>
		<voice sentence="Me the greenest and the meanest!"/>
		<voice sentence="Me have power to crush you!"/>
		<voice sentence="Goblinkiller! Catch him !!"/>
	</voices>
	<loot>
		<item id="2148" countmax="10" chance="40000"/><!-- gold coin -->
		<item id="2230" chance="11500"/><!-- bone -->
		<item id="2461" chance="16670"/><!-- leather helmet -->
		<item id="2467" chance="5000"/><!-- leather armor -->
		<item id="21400" chance="750" /><!-- silver raid token -->
		<item id="2379" chance="10300"/><!-- dagger -->
		<item id="2667" chance="15000"/><!-- fish -->
		<item id="2235" chance="9000"/><!-- mouldy cheese -->
		<item id="2559" chance="12800"/><!-- small axe -->
		<item id="2406" chance="15400"/><!-- short sword -->
		<item id="2449" chance="1300"/><!-- bone club -->
	</loot>
</monster>
