<?xml version="1.0" encoding="UTF-8"?>
<monster name="Hunter" nameDescription="a hunter" race="blood" experience="150" speed="195" manacost="530">
	<health now="150" max="150"/>
	<look type="129" head="95" body="116" legs="121" feet="115" corpse="20422"/>
	<targetchange interval="4000" chance="10"/>
	<flags>
        <flag summonable="0"/>
		<flag attackable="1"/>
		<flag hostile="1"/>
		<flag illusionable="1"/>
		<flag convinceable="1"/>
		<flag pushable="0"/>
		<flag canpushitems="1"/>
		<flag canpushcreatures="0"/>
		<flag targetdistance="4"/>
		<flag staticattack="90"/>
		<flag runonhealth="10"/>
	</flags>
	<attacks>
		<attack name="melee" interval="2000" min="0" max="-20"/>
		<attack name="physical" interval="2000" chance="50" range="8" min="0" max="-100">
			<attribute key="shootEffect" value="arrow"/>
		</attack>
	</attacks>
	<defenses armor="15" defense="15"/>
	<elements>
		<element holyPercent="20"/>
		<element physicalPercent="-10"/>
	</elements>
	<voices interval="5000" chance="10">
		<voice sentence="Guess who we're hunting, haha!"/>
		<voice sentence="Guess who we are hunting!"/>
		<voice sentence="Bullseye!"/>
		<voice sentence="You'll make a nice trophy!"/>
	</voices>
	<loot>
		<item id="2544" countmax="22" chance="82000"/>	<!-- arrow -->
		<item id="2675" countmax="2" chance="20000"/>	<!-- orange -->
		<item id="2690" countmax="2" chance="11000"/>	<!-- roll -->
		<item id="12425" chance="10000"/>				<!-- hunter's quiver -->
		<item id="2456" chance="5800"/>					<!-- bow -->
		<item id="2546" countmax="3" chance="5330"/>	<!-- burst arrow -->
		<item id="2465" chance="5200"/>					<!-- brass armor -->
		<item id="2460" chance="5000"/>					<!-- brass helmet -->
		<item id="21400" chance="750" /><!-- silver raid token -->
		<item id="2545" countmax="4" chance="4500"/>	<!-- poison arrow -->
		<item id="2050" chance="3200"/>					<!-- torch -->
		<item id="2201" chance="3100"/>					<!-- dragon necklace -->
		<item id="5875" chance="550"/>					<!-- sniper gloves -->
		<item id="7397" chance="500"/>					<!-- deer trophy -->
		<item id="7394" chance="170"/>					<!-- wolf trophy -->
		<item id="2147" chance="150"/>					<!-- small ruby -->
		<item id="5907" chance="140"/>					<!-- slingshot -->
		<item id="7400" chance="110"/>					<!-- lion trophy -->
	</loot>
</monster>
