<?xml version="1.0" encoding="UTF-8"?>
<monster name="Ice Witch" nameDescription="an ice witch" race="blood" experience="580" speed="200" manacost="0">
	<health now="650" max="650"/>
	<look type="149" head="0" body="47" legs="105" feet="105" addons="0" corpse="20426"/>
	<targetchange interval="4000" chance="10"/>
	<flags>
        <flag summonable="0"/>
		<flag attackable="1"/>
		<flag hostile="1"/>
		<flag illusionable="0"/>
		<flag convinceable="0"/>
		<flag pushable="0"/>
		<flag canpushitems="1"/>
		<flag canpushcreatures="1"/>
		<flag staticattack="70"/>
		<flag targetdistance="4"/>
		<flag runonhealth="0"/>
	</flags>
	<attacks>
		<attack name="melee" interval="2000" min="0" max="-60"/>
		<attack name="ice" interval="2000" chance="10" length="8" spread="3" min="0" max="-100">
			<attribute key="areaEffect" value="iceattack"/>
		</attack>
		<attack name="ice" interval="2000" chance="20" range="7" min="0" max="-110">
			<attribute key="shootEffect" value="snowball"/>
		</attack>
		<attack name="ice" interval="2000" chance="10" length="8" spread="3" min="-50" max="-124">
			<attribute key="areaEffect" value="icearea"/>
		</attack>
		<attack name="outfit" interval="2000" chance="10" range="7" item="7172" duration="4000">
			<attribute key="areaEffect" value="blueshimmer"/>
		</attack>
		<attack name="speed" interval="2000" chance="15" range="7" speedchange="-300" duration="20000">
			<attribute key="areaEffect" value="icetornado"/>
		</attack>
	</attacks>
	<defenses armor="20" defense="20">
		<defense name="healing" interval="2000" chance="15" min="90" max="120">
			<attribute key="areaEffect" value="blueshimmer"/>
		</defense>
	</defenses>
	<elements>
		<element firePercent="50"/>
		<element earthPercent="40"/>
		<element holyPercent="30"/>
		<element energyPercent="-10"/>
		<element deathPercent="-10"/>
	</elements>
	<immunities>
		<immunity ice="1"/>
		<immunity paralyze="1"/>
		<immunity invisible="1"/>
	</immunities>
	<voices interval="5000" chance="10">
		<voice sentence="So you think you are cool?"/>
		<voice sentence="I hope it is not too cold for you! HeHeHe."/>
		<voice sentence="Freeze!"/>
	</voices>
	<loot>
		<item id="2148" countmax="90" chance="29630"/>	<!-- gold coin -->
		<item id="7441" chance="10000"/>				<!-- ice cube -->
		<item id="2796" chance="1310"/>					<!-- green mushroom -->
		<item id="2423" chance="950"/>					<!-- clerical mace -->
		<item id="7589" chance="820"/>					<!-- strong mana potion -->
		<item id="7290" chance="550"/>					<!-- shard -->
		<item id="21400" chance="750" /><!-- silver raid token -->
		<item id="2663" chance="430"/>					<!-- mystic turban -->
		<item id="7449" chance="380"/>					<!-- crystal sword -->
		<item id="7387" chance="340"/>					<!-- diamond sceptre -->
		<item id="7892" chance="280"/>					<!-- glacier shoes -->
		<item id="7459" chance="90"/>					<!-- pair of earmuffs -->
	</loot>
</monster>
