<?xml version="1.0" encoding="UTF-8"?>
<monster name="Kongra" nameDescription="a kongra" race="blood" experience="115" speed="210" manacost="0">
	<health now="340" max="340" />
	<look type="116" corpse="6043" />
	<targetchange interval="4000" chance="0" />
	<flags>
		<flag summonable="0" />
		<flag attackable="1" />
		<flag hostile="1" />
		<flag illusionable="1" />
		<flag convinceable="0" />
		<flag pushable="0" />
		<flag canpushitems="1" />
		<flag canpushcreatures="0" />
		<flag targetdistance="1" />
		<flag staticattack="90" />
		<flag runonhealth="10" />
	</flags>
	<attacks>
		<attack name="melee" interval="2000" min="0" max="-60" />
	</attacks>
	<defenses armor="20" defense="20">
		<defense name="speed" interval="2000" chance="15" speedchange="260" duration="3000">
			<attribute key="areaEffect" value="redshimmer" />
		</defense>
	</defenses>
	<elements>
		<element firePercent="20" />
		<element earthPercent="10" />
		<element energyPercent="5" />
		<element icePercent="-15" />
		<element deathPercent="-5" />
	</elements>
	<voices interval="2000" chance="7">
		<voice sentence="Hugah!" />
		<voice sentence="Ungh! Ungh!" />
		<voice sentence="Huaauaauaauaa!" />
	</voices>
	<loot>
		<item id="2148" countmax="40" chance="69000" /><!-- gold coin -->
		<item id="2676" countmax="12" chance="30000" /><!-- banana -->
		<item id="2463" chance="950" /><!-- plate armor -->
		<item id="2200" chance="990" /><!-- protection amulet -->
		<item id="5883" chance="980" /><!-- ape fur -->
		<item id="2166" chance="300" /><!-- power ring -->
		<item id="21400" chance="750" /><!-- silver raid token -->
		<item id="2209" chance="230" /><!-- club ring -->
		<item id="7618" chance="570" /><!-- health potion -->
		<item id="12427" chance="4900" /><!-- kongra shoulderpad -->
	</loot>
</monster>
