<?xml version="1.0" encoding="UTF-8"?>
<monster name="Lancer Beetle" nameDescription="a lancer beetle" race="venom" experience="275" speed="200" manacost="0">
	<health now="400" max="400"/>
	<look type="348" corpse="11375"/>
	<targetchange interval="4000" chance="10"/>
	<flags>
        <flag summonable="0"/>
		<flag attackable="1"/>
		<flag hostile="1"/>
		<flag illusionable="1"/>
		<flag convinceable="670"/>
		<flag pushable="0"/>
		<flag canpushitems="1"/>
		<flag canpushcreatures="0"/>
		<flag targetdistance="1"/>
		<flag staticattack="90"/>
		<flag runonhealth="30"/>
	</flags>
	<attacks>
		<attack name="melee" interval="2000" skill="40" attack="46"/>
		<attack name="poisonfield" interval="2000" chance="10" target="0" radius="4">
			<attribute key="areaEffect" value="poison"/>
		</attack>
		<attack name="lifedrain" interval="2000" chance="15" length="7" spread="0" min="-0" max="-90">
			<attribute key="areaEffect" value="greenspark"/>
		</attack>
		<attack name="poisoncondition" interval="2000" chance="10" range="7" target="0" min="-40" max="-80">
			<attribute key="shootEffect" value="poison"/>
		</attack>
		<attack name="lancer beetle curse" interval="2000" range="5" chance="5"/>
	</attacks>
	<defenses armor="20" defense="20">
		<defense name="invisible" interval="2000" chance="10" duration="3000">
			<attribute key="areaEffect" value="groundshaker"/>
		</defense>
	</defenses>
	<elements>
		<element deathPercent="50"/>
	</elements>
	<immunities>
		<immunity earth="1"/>
		<immunity invisible="1"/>
		<immunity lifedrain="1"/>
		<immunity paralyze="1"/>
	</immunities>
	<voices interval="5000" chance="10">
		<voice sentence="Crump!" yell="1"/>
	</voices>
	<loot>
		<item id="2148" countmax="61" chance="60000"/><!-- gold coin -->
		<item id="2148" countmax="79" chance="60000"/><!-- gold coin -->
		<item id="11372" chance="16666"/><!-- lancer beetle shell -->
		<item id="21400" chance="750" /><!-- silver raid token -->
		<item id="10557" chance="8333"/><!-- poisonous slime -->
		<item id="10609" chance="4166"/><!-- lump of dirt -->
		<item id="11374" chance="1123"/><!-- beetle necklace -->
		<item id="2150" chance="247"/><!-- small amethyst -->
	</loot>
</monster>