<?xml version="1.0" encoding="UTF-8"?>
<monster name="Lion" nameDescription="a lion" race="blood" experience="30" speed="190" manacost="320">
	<health now="80" max="80"/>
	<look type="41" corpse="5986"/>
	<targetchange interval="4000" chance="10"/>
	<flags>
	    <flag summonable="1"/>
		<flag attackable="1"/>
		<flag hostile="1"/>
		<flag illusionable="1"/>
		<flag convinceable="1"/>
		<flag pushable="0"/>
		<flag canpushitems="0"/>
		<flag canpushcreatures="0"/>
		<flag targetdistance="1"/>
		<flag staticattack="90"/>
		<flag runonhealth="10"/>
	</flags>
	<attacks>
		<attack name="melee" interval="2000" skill="30" attack="20"/>
	</attacks>
	<defenses armor="10" defense="10"/>
	<elements>
		<element earthPercent="20"/>
		<element holyPercent="20"/>
		<element icePercent="-15"/>
		<element deathPercent="-8"/>
	</elements>
	<voices interval="5000" chance="10">
		<voice sentence="Groarrr!"/>
	</voices>
	<loot>
		<item id="2671" countmax="2" chance="18430"/><!-- ham -->
		<item id="2666" countmax="4" chance="45000"/><!-- meat -->
		<item id="21400" chance="750" /><!-- silver raid token -->
		<item id="10608" chance="1400"/><!-- lion's mane -->
	</loot>
</monster>
