<?xml version="1.0" encoding="UTF-8"?>
<monster name="Lizard Snakecharmer" nameDescription="a lizard snakecharmer" race="blood" experience="210" speed="190" manacost="0">
	<health now="325" max="325"/>
	<look type="115" corpse="6041"/>
	<targetchange interval="4000" chance="10"/>
	<flags>
        <flag summonable="0"/>
		<flag attackable="1"/>
		<flag hostile="1"/>
		<flag illusionable="1"/>
		<flag convinceable="0"/>
		<flag pushable="1"/>
		<flag canpushitems="1"/>
		<flag canpushcreatures="0"/>
		<flag targetdistance="4"/>
		<flag staticattack="80"/>
		<flag runonhealth="15"/>
	</flags>
	<attacks>
		<attack name="melee" interval="2000" skill="20" attack="20"/>
		<attack name="poisoncondition" interval="2000" chance="15" range="7" min="-100" max="-200">
			<attribute key="shootEffect" value="poison"/>
		</attack>
		<attack name="earth" interval="2000" chance="15" range="7" radius="1" target="1" min="-50" max="-110">
			<attribute key="shootEffect" value="poison"/>
			<attribute key="areaEffect" value="greenbubble"/>
		</attack>
	</attacks>
	<defenses armor="15" defense="15">
		<defense name="healing" interval="2000" chance="50" min="50" max="100">
			<attribute key="areaEffect" value="blueshimmer"/>
		</defense>
		<defense name="invisible" interval="2000" chance="10" duration="3000" >
			<attribute key="areaEffect" value="blueshimmer"/>
		</defense>
	</defenses>
	<elements>
		<element energyPercent="20"/>
		<element icePercent="20"/>
		<element physicalPercent="-20"/>
		<element firePercent="-10"/>
	</elements>
	<immunities>
		<immunity invisible="1"/>
		<immunity earth="1"/>
	</immunities>
	<summons maxSummons="6">
		<summon name="cobra" interval="2000" chance="20"/>
	</summons>
	<voices interval="5000" chance="10">
		<voice sentence="I ssssmell warm blood!"/>
		<voice sentence="Shhhhhhhh"/>
	</voices>
	<loot>
		<item id="2148" countmax="55" chance="83740"/><!-- gold coin -->
		<item id="2654" chance="8640"/><!-- cape -->
		<item id="3077" chance="30000"/><!-- dead snake -->
		<item id="5876" chance="1320"/><!-- lizard leather -->
		<item id="21400" chance="750" /><!-- silver raid token -->
		<item id="2150" chance="520"/><!-- small amethyst -->
		<item id="2182" chance="230"/><!-- snakebite rod -->
		<item id="2177" chance="1430"/><!-- life crystal -->
		<item id="5881" chance="860"/><!-- lizard scale -->
		<item id="2181" chance="920"/><!-- terra rod -->
		<item id="7620" chance="860"/><!-- mana potion -->
		<item id="2154" chance="150"/><!-- yellow gem -->
		<item id="2168" chance="340"/><!-- life ring -->
		<item id="3971" chance="230"/><!-- charmer's tiara-->
	</loot>
</monster>
