<?xml version="1.0" encoding="UTF-8"?>
<monster name="Monk" nameDescription="a monk" race="blood" experience="200" speed="200" manacost="600">
	<health now="240" max="240"/>
	<look type="57" corpse="20371"/>
	<targetchange interval="4000" chance="10"/>
	<flags>
	    <flag summonable="1"/>
		<flag attackable="1"/>
		<flag hostile="1"/>
		<flag illusionable="1"/>
		<flag convinceable="0"/>
		<flag pushable="0"/>
		<flag canpushitems="1"/>
		<flag canpushcreatures="1"/>
		<flag targetdistance="1"/>
		<flag staticattack="90"/>
		<flag runonhealth="0"/>
	</flags>
	<attacks>
		<attack name="melee" interval="2000" min="0" max="-130"/>
	</attacks>
	<defenses armor="30" defense="30">
		<defense name="healing" interval="2000" chance="15" min="30" max="50">
			<attribute key="areaEffect" value="blueshimmer"/>
		</defense>
		<defense name="speed" interval="2000" chance="15" speedchange="230" duration="5000">
			<attribute key="areaEffect" value="redshimmer"/>
		</defense>
	</defenses>
	<elements>
		<element holyPercent="50"/>
		<element deathPercent="50"/>
		<element physicalPercent="-10"/>
	</elements>
	<immunities>
		<immunity invisible="1"/>
	</immunities>
	<voices interval="5000" chance="10">
		<voice sentence="Repent Heretic!"/>
		<voice sentence="A prayer to the almighty one!"/>
		<voice sentence="I will punish the sinners!"/>
	</voices>
	<loot>
		<item id="2689" chance="20000"/>				<!-- bread -->
		<item id="2148" countmax="18" chance="15000"/>	<!-- gold coin -->
		<item id="10563" chance="4930"/>				<!-- book of prayers -->
		<item id="12448" chance="2950"/>				<!-- rope belt -->
		<item id="2193" chance="2440"/>					<!-- ankh -->
		<item id="1949" chance="2000"/>					<!-- scroll -->
		<item id="12449" chance="1000"/>				<!-- safety pin -->
		<item id="2177" chance="1000"/>					<!-- life crystal -->
		<item id="2015" chance="880"/>					<!-- brown flask -->
		<item id="21400" chance="750" /><!-- silver raid token -->
		<item id="2044" chance="880"/>					<!-- lamp -->
		<item id="2642" chance="680"/>					<!-- sandals -->
		<item id="2401" chance="460"/>					<!-- staff -->
		<item id="2166" chance="70"/>					<!-- power ring -->
	</loot>
</monster>
