<?xml version="1.0" encoding="UTF-8"?>
<monster name="Necromancer" nameDescription="a necromancer" race="blood" experience="580" speed="200" manacost="0">
	<health now="580" max="580"/>
	<look type="9" corpse="20458"/>
	<targetchange interval="4000" chance="10"/>
	<flags>
        <flag summonable="0"/>
		<flag attackable="1"/>
		<flag hostile="1"/>
		<flag illusionable="0"/>
		<flag convinceable="0"/>
		<flag pushable="0"/>
		<flag canpushitems="1"/>
		<flag canpushcreatures="1"/>
		<flag targetdistance="4"/>
		<flag staticattack="90"/>
		<flag runonhealth="0"/>
	</flags>
	<attacks>
		<attack name="melee" interval="2000" min="0" max="-80" poison="8"/>
		<attack name="death" interval="2000" chance="20" range="1" min="-10" max="-120">
			<attribute key="shootEffect" value="death"/>
			<attribute key="areaEffect" value="smallclouds"/>
		</attack>
		<attack name="earth" interval="2000" chance="20" range="7" min="-20" max="-120">
			<attribute key="shootEffect" value="poison"/>
			<attribute key="areaEffect" value="poison"/>
		</attack>
	</attacks>
	<defenses armor="25" defense="25">
		<defense name="healing" interval="2000" chance="25" min="50" max="80">
			<attribute key="areaEffect" value="blueshimmer"/>
		</defense>
	</defenses>
	<elements>
		<element energyPercent="20"/>
		<element deathPercent="50"/>
		<element physicalPercent="-5"/>
		<element firePercent="-5"/>
		<element holyPercent="-5"/>
	</elements>
	<immunities>
		<immunity invisible="1"/>
		<immunity earth="1"/>
		<immunity drown="1"/>
	</immunities>
	<summons maxSummons="2">
		<summon name="Ghoul" interval="2000" chance="15"/>
		<summon name="Ghost" interval="2000" chance="5"/>
		<summon name="Mummy" interval="2000" chance="5"/>
	</summons>
	<voices interval="5000" chance="10">
		<voice sentence="Your corpse will be mine!"/>
		<voice sentence="Taste the sweetness of death!"/>
	</voices>
	<loot>
		<item id="2148" countmax="90" chance="30050"/>	<!-- gold coin -->
		<item id="2545" countmax="5" chance="15000"/>	<!-- poison arrow -->
		<item id="11237" chance="10130"/>				<!-- book of necromantic rituals -->
		<item id="21400" chance="750" /><!-- silver raid token -->
		<item id="2796" chance="1470"/>					<!-- green mushroom -->
		<item id="12431" chance="1000"/>				<!-- necromantic robe -->
		<item id="2663" chance="500"/>					<!-- mystic turban -->
		<item id="2423" chance="390"/>					<!-- clerical mace -->
		<item id="7589" chance="320"/>					<!-- strong mana potion -->
		<item id="2195" chance="210"/>					<!-- boots of haste -->
		<item id="8901" chance="110"/>					<!-- spellbook of warding -->
		<item id="2436" chance="100"/>					<!-- skull staff -->
		<item id="7456" chance="10"/>					<!-- noble axe -->
	</loot>
</monster>
