<?xml version="1.0" encoding="UTF-8"?>
<monster name="Orc Warrior" nameDescription="an orc warrior" race="blood" experience="50" speed="190" manacost="360">
	<health now="125" max="125"/>
	<look type="7" corpse="5979"/>
	<targetchange interval="4000" chance="0"/>
	<flags>
	    <flag summonable="1"/>
		<flag attackable="1"/>
		<flag hostile="1"/>
		<flag illusionable="1"/>
		<flag convinceable="1"/>
		<flag pushable="1"/>
		<flag canpushitems="0"/>
		<flag canpushcreatures="0"/>
		<flag targetdistance="1"/>
		<flag staticattack="90"/>
		<flag runonhealth="11"/>
	</flags>
	<attacks>
		<attack name="melee" interval="2000" min="0" max="-60"/>
	</attacks>
	<defenses armor="15" defense="15"/>
	<elements>
		<element energyPercent="30"/>
		<element holyPercent="10"/>
		<element earthPercent="-10"/>
		<element deathPercent="-10"/>
	</elements>
	<voices interval="5000" chance="10">
		<voice sentence="Grow truk grrrr."/>
		<voice sentence="Trak grrrr brik."/>
		<voice sentence="Alk!"/>
	</voices>
	<loot>
		<item id="2148" countmax="15" chance="65000"/>	<!-- gold coin -->
		<item id="2666" chance="15000"/>				<!-- meat -->
		<item id="12409" chance="10000"/>				<!-- broken helmet -->
		<item id="21400" chance="750" /><!-- silver raid token -->
		<item id="2464" chance="7500"/>					<!-- chain armor -->
		<item id="12435" chance="4000"/>				<!-- orc leather -->
		<item id="12436" chance="970"/>					<!-- skull belt -->
		<item id="11113" chance="740"/>					<!-- orc tooth -->
		<item id="2530" chance="570"/>					<!-- copper shield -->
		<item id="2411" chance="110"/>					<!-- poison dagger -->
	</loot>
</monster>
