<?xml version="1.0" encoding="UTF-8"?>
<monster name="Orc Rider" nameDescription="an orc rider" race="blood" experience="110" speed="210" manacost="490">
	<health now="180" max="180"/>
	<look type="4" corpse="6010"/>
	<targetchange interval="4000" chance="10"/>
	<flags>
        <flag summonable="0"/>
		<flag attackable="1"/>
		<flag hostile="1"/>
		<flag illusionable="0"/>
		<flag convinceable="1"/>
		<flag pushable="0"/>
		<flag canpushitems="1"/>
		<flag canpushcreatures="1"/>
		<flag targetdistance="1"/>
		<flag staticattack="90"/>
		<flag runonhealth="0"/>
	</flags>
	<attacks>
		<attack name="melee" interval="2000" min="0" max="-130"/>
	</attacks>
	<defenses armor="15" defense="15">
		<defense name="speed" interval="2000" chance="15" speedchange="230" duration="5000">
			<attribute key="areaEffect" value="redshimmer"/>
		</defense>
	</defenses>
	<elements>
		<element energyPercent="20"/>
		<element holyPercent="10"/>
		<element earthPercent="-10"/>
		<element deathPercent="-2"/>
	</elements>
	<voices interval="5000" chance="10">
		<voice sentence="Grrrrrrr"/>
		<voice sentence="Orc arga Huummmak!"/>
	</voices>
	<loot>
		<item id="2148" countmax="81" chance="47000"/>	<!-- gold coin -->
		<item id="2666" countmax="3" chance="24000"/>	<!-- meat -->
		<item id="2129" chance="10000"/>				<!-- wolf tooth chain -->
		<item id="12435" chance="10000"/>				<!-- orc leather -->
		<item id="11235" chance="9510"/>				<!-- warwolf fur -->
		<item id="2428" chance="7000"/>					<!-- orcish axe -->
		<item id="11113" chance="2000"/>				<!-- orc tooth -->
		<item id="2425" chance="1100"/>					<!-- obsidian lance -->
		<item id="21400" chance="750" /><!-- silver raid token -->
		<item id="2513" chance="1000"/>					<!-- battle shield -->
		<item id="2050" chance="1000"/>					<!-- torch-->
		<item id="2483" chance="570"/>					<!-- scale armor -->
	</loot>
</monster>
