<?xml version="1.0" encoding="UTF-8"?>
<monster name="Orc Spearman" nameDescription="an orc spearman" race="blood" experience="38" speed="176" manacost="310">
	<health now="105" max="105"/>
	<look type="50" corpse="5996"/>
	<targetchange interval="4000" chance="30"/>
	<flags>
	    <flag summonable="1"/>
		<flag attackable="1"/>
		<flag hostile="1"/>
		<flag illusionable="1"/>
		<flag convinceable="1"/>
		<flag pushable="1"/>
		<flag canpushitems="0"/>
		<flag canpushcreatures="0"/>
		<flag targetdistance="4"/>
		<flag staticattack="90"/>
		<flag runonhealth="10"/>
	</flags>
	<attacks>
		<attack name="melee" interval="2000" min="0" max="-25"/>
		<attack name="physical" interval="2000" chance="20" range="5" min="0" max="-30">
			<attribute key="shootEffect" value="spear"/>
		</attack>
	</attacks>
	<defenses armor="10" defense="10"/>
	<elements>
		<element energyPercent="20"/>
		<element holyPercent="20"/>
		<element earthPercent="-10"/>
		<element deathPercent="-10"/>
	</elements>
	<voices interval="5000" chance="10">
		<voice sentence="Ugaar!"/>
	</voices>
	<loot>
		<item id="2666" chance="30000"/>				<!-- meat -->
		<item id="2148" countmax="11" chance="25000"/>	<!-- gold coin -->
		<item id="21400" chance="750" /><!-- silver raid token -->
		<item id="2389" chance="17000"/>				<!-- spear -->
		<item id="2468" chance="10000"/>				<!-- studded legs -->
		<item id="2482" chance="9000"/>					<!-- studded helmet -->
		<item id="2420" chance="3000"/>					<!-- machete -->
		<item id="12435" chance="2300"/>				<!-- orc leather -->
		<item id="11113" chance="140"/>					<!-- orc tooth -->
	</loot>
</monster>
