<?xml version="1.0" encoding="UTF-8"?>
<monster name="Orc Shaman" nameDescription="an orc shaman" race="blood" experience="110" speed="180" manacost="0">
	<health now="115" max="115"/>
	<look type="6" corpse="5978"/>
	<targetchange interval="4000" chance="10"/>
	<flags>
        <flag summonable="0"/>
		<flag attackable="1"/>
		<flag hostile="1"/>
		<flag illusionable="1"/>
		<flag convinceable="0"/>
		<flag pushable="0"/>
		<flag canpushitems="0"/>
		<flag canpushcreatures="0"/>
		<flag targetdistance="4"/>
		<flag staticattack="90"/>
		<flag runonhealth="15"/>
	</flags>
	<attacks>
		<attack name="melee" interval="2000" min="0" max="-15"/>
		<attack name="energy" interval="2000" chance="15" range="7" min="-20" max="-35">
			<attribute key="shootEffect" value="energyball"/>
		</attack>
		<attack name="fire" interval="2000" chance="5" range="7" min="-5" max="-45">
			<attribute key="shootEffect" value="fire"/>
		</attack>
	</attacks>
	<defenses armor="10" defense="10">
		<defense name="healing" interval="2000" chance="60" min="27" max="43">
			<attribute key="areaEffect" value="blueshimmer"/>
		</defense>
	</defenses>
	<elements>
		<element energyPercent="50"/>
		<element holyPercent="25"/>
		<element earthPercent="-10"/>
		<element deathPercent="-5"/>
	</elements>
	<immunities>
		<immunity invisible="1"/>
	</immunities>
	<voices interval="5000" chance="10">
		<voice sentence="Huumans stinkk!"/>
		<voice sentence="Grak brrretz gulu."/>
	</voices>
	<summons maxSummons="4">
		<summon name="Snake" interval="2000" chance="20"/>
	</summons>
	<loot>
		<item id="2148" countmax="5" chance="90000"/>	<!-- gold coin -->
		<item id="2686" countmax="2" chance="10600"/>	<!-- corncob -->
		<item id="12408" chance="10300"/>				<!-- broken shamanic staff -->
		<item id="2464" chance="8800"/>					<!-- chain armor -->
		<item id="12434" chance="7000"/>				<!-- shamanic hood -->
		<item id="2389" chance="5000"/>					<!-- spear -->
		<item id="21400" chance="750" /><!-- silver raid token -->
		<item id="12435" chance="4000"/>				<!-- orc leather -->
		<item id="11113" chance="2000"/>				<!-- orc tooth -->
		<item id="2188" chance="1000"/>					<!-- wand of decay -->
		<item id="1958" chance="490"/>					<!-- book -->
	</loot>
</monster>
