<?xml version="1.0" encoding="UTF-8"?>
<monster name="Orc" nameDescription="an orc" race="blood" experience="25" speed="150" manacost="300">
	<health now="70" max="70"/>
	<look type="5" corpse="5966"/>
	<targetchange interval="4000" chance="0"/>
	<flags>
	    <flag summonable="1"/>
		<flag attackable="1"/>
		<flag hostile="1"/>
		<flag illusionable="1"/>
		<flag convinceable="1"/>
		<flag pushable="1"/>
		<flag canpushitems="0"/>
		<flag canpushcreatures="0"/>
		<flag targetdistance="1"/>
		<flag staticattack="90"/>
		<flag runonhealth="15"/>
	</flags>
	<attacks>
		<attack name="melee" interval="2000" min="0" max="-35"/>
	</attacks>
	<defenses armor="10" defense="10"/>
	<elements>
		<element energyPercent="20"/>
		<element holyPercent="10"/>
		<element earthPercent="-10"/>
		<element deathPercent="-2"/>
	</elements>
	<voices interval="5000" chance="10">
		<voice sentence="Grak brrretz!"/>
		<voice sentence="Grow truk grrrrr."/>
		<voice sentence="Prek tars, dekklep zurk."/>
	</voices>
	<loot>
		<item id="2148" countmax="14" chance="84810"/>	<!-- gold coin -->
		<item id="2666" chance="10160"/>				<!-- meat -->
		<item id="2484" chance="7860"/>					<!-- studded armor -->
		<item id="2526" chance="7300"/>					<!-- studded shield -->
		<item id="2385" chance="5850"/>					<!-- sabre -->
		<item id="2386" chance="5000"/>					<!-- axe -->
		<item id="21400" chance="750" /><!-- silver raid token -->
		<item id="2482" chance="3000"/>					<!-- studded helmet -->
		<item id="12435" chance="490"/>					<!-- orc leather -->
		<item id="11113" chance="150"/>					<!-- orc tooth -->
	</loot>
</monster>
