<?xml version="1.0" encoding="UTF-8"?>
<monster name="Pirate Buccaneer" nameDescription="a pirate buccaneer" race="blood" experience="250" speed="220" manacost="595">
	<health now="425" max="425"/>
	<look type="97" corpse="20474"/>
	<targetchange interval="4000" chance="15"/>
	<flags>
        <flag summonable="0"/>
		<flag attackable="1"/>
		<flag hostile="1"/>
		<flag illusionable="1"/>
		<flag convinceable="1"/>
		<flag pushable="0"/>
		<flag canpushitems="1"/>
		<flag canpushcreatures="1"/>
		<flag staticattack="90"/>
		<flag targetdistance="1"/>
		<flag runonhealth="50"/>
	</flags>
	<attacks>
		<attack name="melee" interval="2000" min="0" max="-160"/>
		<attack name="physical" interval="2000" chance="20" range="4" min="0" max="-100">
			<attribute key="shootEffect" value="throwingknife"/>
		</attack>
	</attacks>
	<defenses armor="30" defense="30"/>
	<elements>
		<element earthPercent="10"/>
		<element holyPercent="10"/>
		<element deathPercent="-1"/>
		<element firePercent="-5"/>
		<element energyPercent="-5"/>
		<element icePercent="-5"/>
		<element physicalPercent="-10"/>
	</elements>
	<immunities>
		<immunity invisible="1"/>
	</immunities>
	<voices interval="5000" chance="10">
		<voice sentence="Give up!"/>
		<voice sentence="Hiyaa"/>
		<voice sentence="Plundeeeeer!"/>
	</voices>
	<loot>
		<item id="2148" countmax="59" chance="67740"/>	<!-- gold coin -->
		<item id="2050" chance="10190"/>				<!-- torch -->
		<item id="2385" chance="10100"/>				<!-- sabre -->
		<item id="2238" chance="9900"/>					<!-- worn leather boots -->
		<item id="11219" chance="9780"/>				<!-- compass -->
		<item id="2410" countmax="5" chance="9000"/>	<!-- throwing knife -->
		<item id="2513" chance="3850"/>					<!-- battle shield -->
		<item id="6095" chance="1200"/>					<!-- pirate shirt -->
		<item id="2463" chance="1130"/>					<!-- plate armor -->
		<item id="5091" chance="1050"/>					<!-- treasure map -->
		<item id="7588" chance="680"/>					<!-- strong health potion -->
		<item id="6126" chance="520"/>					<!-- peg leg -->
		<item id="6097" chance="450"/>					<!-- hook -->
		<item id="21400" chance="750" /><!-- silver raid token -->
		<item id="5926" chance="430"/>					<!-- pirate backpack -->
		<item id="6098" chance="410"/>					<!-- eye patch -->
		<item id="5553" chance="120"/>					<!-- rum flask -->
		<item id="5792" chance="50"/>					<!-- die -->
	</loot>
</monster>
