<?xml version="1.0" encoding="UTF-8"?>
<monster name="Pirate Corsair" nameDescription="a pirate corsair" race="blood" experience="350" speed="250" manacost="775">
	<health now="675" max="675"/>
	<look type="98" corpse="20478"/>
	<targetchange interval="4000" chance="15"/>
	<flags>
        <flag summonable="0"/>
		<flag attackable="1"/>
		<flag hostile="1"/>
		<flag illusionable="1"/>
		<flag convinceable="1"/>
		<flag pushable="0"/>
		<flag canpushitems="1"/>
		<flag canpushcreatures="1"/>
		<flag staticattack="90"/>
		<flag targetdistance="1"/>
		<flag runonhealth="40"/>
	</flags>
	<attacks>
		<attack name="melee" interval="2000" min="0" max="-170"/>
		<attack name="physical" interval="2000" chance="20" range="7" min="0" max="-150">
			<attribute key="shootEffect" value="throwingstar"/>
		</attack>
		<attack name="pirate corsair skill reducer" interval="2000" chance="5"/>
	</attacks>
	<defenses armor="35" defense="35"/>
	<elements>
		<element earthPercent="20"/>
		<element holyPercent="10"/>
		<element deathPercent="-5"/>
		<element icePercent="-5"/>
		<element firePercent="-10"/>
	</elements>
	<immunities>
		<immunity invisible="1"/>
	</immunities>
	<voices interval="5000" chance="10">
		<voice sentence="Give up!"/>
		<voice sentence="Hiyaa!"/>
		<voice sentence="Plundeeeeer!"/>
	</voices>
	<loot>
		<item id="2148" countmax="83" chance="55000"/>	<!-- gold coin -->
		<item id="11219" chance="11020"/>				<!-- compass -->
		<item id="2385" chance="10000"/>				<!-- sabre -->
		<item id="2399" countmax="12" chance="8500"/>	<!-- throwing star -->
		<item id="2489" chance="1550"/>					<!-- dark armor -->
		<item id="6096" chance="1080"/>					<!-- pirate hat -->
		<item id="2521" chance="1050"/>					<!-- dark shield -->
		<item id="5926" chance="950"/>					<!-- pirate backpack -->
		<item id="7588" chance="820"/>					<!-- strong health potion -->
		<item id="6126" chance="590"/>					<!-- peg leg -->
		<item id="6097" chance="570"/>					<!-- hook -->
		<item id="6098" chance="500"/>					<!-- eye patch -->
		<item id="5462" chance="230"/>					<!-- pirate boots -->
		<item id="5553" chance="170"/>					<!-- rum flask -->
		<item id="2114" chance="150"/>					<!-- piggy bank -->
		<item id="5813" chance="130"/>					<!-- skull candle -->
		<item id="21400" chance="750" /><!-- silver raid token -->
	</loot>
</monster>
