<?xml version="1.0" encoding="UTF-8"?>
<monster name="Pirate Cutthroat" nameDescription="a pirate cutthroat" race="blood" experience="175" speed="210" manacost="495">
	<health now="325" max="325"/>
	<look type="96" corpse="20482"/>
	<targetchange interval="4000" chance="15"/>
	<flags>
        <flag summonable="0"/>
		<flag attackable="1"/>
		<flag hostile="1"/>
		<flag illusionable="1"/>
		<flag convinceable="1"/>
		<flag pushable="0"/>
		<flag canpushitems="1"/>
		<flag canpushcreatures="1"/>
		<flag staticattack="90"/>
		<flag targetdistance="1"/>
		<flag runonhealth="20"/>
	</flags>
	<attacks>
		<attack name="melee" interval="2000" min="0" max="-175" poison="1"/>
		<attack name="physical" interval="2000" chance="20" range="7" radius="1" min="0" max="-95">
			<attribute key="shootEffect" value="explosion"/>
			<attribute key="areaEffect" value="explosionarea"/>
		</attack>
	</attacks>
	<defenses armor="25" defense="25"/>
	<elements>
		<element earthPercent="10"/>
		<element holyPercent="20"/>
		<element deathPercent="-1"/>
		<element firePercent="-10"/>
		<element icePercent="-5"/>
	</elements>
	<immunities>
		<immunity invisible="1"/>
	</immunities>
	<voices interval="5000" chance="10">
		<voice sentence="Give up!"/>
		<voice sentence="Hiyaa!"/>
		<voice sentence="Plundeeeeer!"/>
	</voices>
	<loot>
		<item id="2148" countmax="50" chance="77000"/>	<!-- gold coin -->
		<item id="11219" chance="10120"/>				<!-- compass -->
		<item id="2483" chance="3000"/>					<!-- scale armor -->
		<item id="2509" chance="2800"/>					<!-- steel shield -->
		<item id="5710" chance="2000"/>					<!-- light shovel -->
		<item id="5091" chance="1000"/>					<!-- treasure map -->
		<item id="5927" chance="1000"/>					<!-- pirate bag -->
		<item id="5918" chance="980"/>					<!-- pirate knee breeches -->
		<item id="6097" chance="560"/>					<!-- hook -->
		<item id="21400" chance="750" /><!-- silver raid token -->
		<item id="6126" chance="500"/>					<!-- peg leg -->
		<item id="6098" chance="450"/>					<!-- eye patch -->
		<item id="5792" chance="100"/>					<!-- die -->
		<item id="5553" chance="80"/>					<!-- rum flask -->
	</loot>
</monster>
