<?xml version="1.0" encoding="UTF-8"?>
<monster name="Priestess" nameDescription="a priestess" race="blood" experience="420" speed="200" manacost="0">
	<health now="390" max="390"/>
	<look type="58" corpse="20494"/>
	<targetchange interval="4000" chance="10"/>
	<flags>
        <flag summonable="0"/>
		<flag attackable="1"/>
		<flag hostile="1"/>
		<flag illusionable="1"/>
		<flag convinceable="0"/>
		<flag pushable="0"/>
		<flag canpushitems="1"/>
		<flag canpushcreatures="1"/>
		<flag targetdistance="4"/>
		<flag staticattack="90"/>
		<flag runonhealth="0"/>
	</flags>
	<attacks>
		<attack name="melee" interval="2000" min="0" max="-75"/>
		<attack name="death" interval="2000" chance="20" range="7" min="0" max="-120">
			<attribute key="shootEffect" value="suddendeath"/>
			<attribute key="areaEffect" value="smallclouds"/>
		</attack>
		<attack name="manadrain" interval="2000" chance="15" range="7" min="-2" max="-170"/>
		<attack name="poisoncondition" interval="2000" chance="15" range="7" min="-10" max="-10">
			<attribute key="shootEffect" value="poison"/>
		</attack>
	</attacks>
	<defenses armor="15" defense="15">
		<defense name="healing" interval="2000" chance="15" min="50" max="80">
			<attribute key="areaEffect" value="blueshimmer"/>
		</defense>
	</defenses>
	<elements>
		<element firePercent="40"/>
		<element earthPercent="70"/>
		<element deathPercent="5"/>
		<element physicalPercent="-5"/>
		<element holyPercent="-10"/>
	</elements>
	<immunities>
		<immunity invisible="1"/>
	</immunities>
	<summons maxSummons="2">
		<summon name="Ghoul" interval="2000" chance="10"/>
	</summons>
	<voices interval="5000" chance="10">
		<voice sentence="Your energy is mine."/>
		<voice sentence="Now your life is come to the end, hahahaha!"/>
		<voice sentence="Throw the soul on the altar!"/>
	</voices>
	<loot>
		<item id="2802" chance="13200"/>				<!-- sling herb -->
		<item id="2760" chance="11720"/>				<!-- goat grass -->
		<item id="11220" chance="10000"/>				<!-- dark rosary -->
		<item id="2674" countmax="2" chance="7500"/>	<!-- red apple -->
		<item id="2803" chance="6500"/>					<!-- powder herb -->
		<item id="10562" chance="5000"/>				<!-- black hood -->
		<item id="2791" chance="3200"/>					<!-- wood mushroom -->
		<item id="10556" chance="1800"/>				<!-- cultish robe -->
		<item id="2423" chance="1500"/>					<!-- clerical mace -->
		<item id="2374" chance="1450"/>					<!-- wooden flute -->
		<item id="2192" chance="1100"/>					<!-- crystal ball -->
		<item id="2183" chance="1000"/>					<!-- hailstorm rod -->
		<item id="1962" chance="940"/>					<!-- book -->
		<item id="21400" chance="750" /><!-- silver raid token -->
		<item id="7620" chance="900"/>					<!-- mana potion -->
		<item id="2151" chance="730"/>					<!-- talon -->
		<item id="2125" chance="660"/>					<!-- crystal necklace -->
		<item id="2529" chance="200"/>					<!-- black shield -->
		<item id="2114" chance="80"/>					<!-- piggy bank -->
	</loot>
</monster>
