<?xml version="1.0" encoding="UTF-8"?>
<monster name="Quara Pincher Scout" nameDescription="a quara pincher scout" race="blood" experience="600" speed="200" manacost="0">
	<health now="775" max="775"/>
	<look type="77" corpse="6063"/>
	<targetchange interval="4000" chance="10"/>
	<flags>
        <flag summonable="0"/>
		<flag attackable="1"/>
		<flag hostile="1"/>
		<flag illusionable="0"/>
		<flag convinceable="0"/>
		<flag pushable="0"/>
		<flag canpushitems="1"/>
		<flag canpushcreatures="0"/>
		<flag staticattack="90"/>
		<flag targetdistance="1"/>
		<flag runonhealth="0"/>
	</flags>
	<attacks>
		<attack name="melee" interval="2000" min="0" max="-240"/>
		<attack name="speed" interval="2000" chance="20" range="1" speedchange="-300" duration="3000">
			<attribute key="areaEffect" value="redshimmer"/>
		</attack>
	</attacks>
	<defenses armor="45" defense="45"/>
	<immunities>
		<immunity ice="1"/>
		<immunity fire="1"/>
		<immunity lifedrain="1"/>
		<immunity paralyze="1"/>
		<immunity invisible="1"/>
	</immunities>
	<elements>
		<element energyPercent="-10"/>
		<element physicalPercent="10"/>
	</elements>
	<voices interval="5000" chance="10">
		<voice sentence="Clank! Clank!"/>
		<voice sentence="Clap!"/>
		<voice sentence="Crrrk! Crrrk!"/>
	</voices>
	<loot>
		<item id="2148" countmax="127" chance="90000"/>	<!-- gold coin -->
		<item id="12446" chance="9500"/>				<!-- quara pincers -->
		<item id="2463" chance="4170"/>					<!-- plate armor -->
		<item id="2147" countmax="2" chance="4000"/>	<!-- small ruby -->
		<item id="2381" chance="1700"/>					<!-- halberd -->
		<item id="21400" chance="750" /><!-- silver raid token -->
		<item id="2177" chance="810"/>					<!-- life crystal -->
		<item id="5895" chance="730"/>					<!-- fish fin -->
		<item id="13305" chance="10"/>					<!-- giant shrimp -->
	</loot>
</monster>
