<?xml version="1.0" encoding="UTF-8"?>
<monster name="Quara Mantassin Scout" nameDescription="a quara mantassin scout" race="blood" experience="100" speed="220" manacost="0">
	<health now="220" max="220"/>
	<look type="72" corpse="6064"/>
	<targetchange interval="4000" chance="10"/>
	<flags>
        <flag summonable="0"/>
		<flag attackable="1"/>
		<flag hostile="1"/>
		<flag illusionable="0"/>
		<flag convinceable="0"/>
		<flag pushable="0"/>
		<flag canpushitems="1"/>
		<flag canpushcreatures="0"/>
		<flag staticattack="90"/>
		<flag targetdistance="1"/>
		<flag runonhealth="20"/>
	</flags>
	<attacks>
		<attack name="melee" interval="2000" min="0" max="-110"/>
	</attacks>
	<defenses armor="15" defense="15"/>
	<elements>
		<element energyPercent="-10"/>
	</elements>
	<immunities>
		<immunity ice="1"/>
		<immunity fire="1"/>
		<immunity invisible="1"/>
		<immunity lifedrain="1"/>
	</immunities>
	<voices interval="5000" chance="10">
		<voice sentence="Zuerk Pachak!"/>
		<voice sentence="Shrrrr"/>
	</voices>
	<loot>
		<item id="2148" countmax="30" chance="94000"/>	<!-- gold coin -->
		<item id="21400" chance="750" /><!-- silver raid token -->
		<item id="12445" chance="7750"/>				<!-- mantassin tail -->
		<item id="2464" chance="4550"/>					<!-- chain armor -->
		<item id="2229" chance="810"/>					<!-- skull -->
		<item id="2146" chance="810"/>					<!-- small sapphire -->
		<item id="2165" chance="720"/>					<!-- stealth ring -->
		<item id="2377" chance="590"/>					<!-- two handed sword -->
		<item id="5895" chance="500"/>					<!-- fish fin -->
	</loot>
</monster>
