<?xml version="1.0" encoding="UTF-8"?>
<monster name="Quara Constrictor Scout" nameDescription="a quara constrictor scout" race="blood" experience="200" speed="200" manacost="0">
	<health now="450" max="450"/>
	<look type="46" corpse="6065"/>
	<targetchange interval="4000" chance="10"/>
	<flags>
        <flag summonable="0"/>
		<flag attackable="1"/>
		<flag hostile="1"/>
		<flag illusionable="1"/>
		<flag convinceable="0"/>
		<flag pushable="0"/>
		<flag canpushitems="1"/>
		<flag canpushcreatures="0"/>
		<flag staticattack="90"/>
		<flag targetdistance="1"/>
		<flag runonhealth="20"/>
	</flags>
	<attacks>
		<attack name="melee" interval="2000" min="0" max="-130"/>
		<attack name="lifedrain" interval="2000" chance="15" radius="3" target="0" min="0" max="-80">
			<attribute key="areaEffect" value="blackspark"/>
		</attack>
	</attacks>
	<defenses armor="15" defense="15"/>
	<elements>
		<element energyPercent="-10"/>
		<element physicalPercent="-5"/>
	</elements>
	<immunities>
		<immunity drown="1"/>
		<immunity lifedrain="1"/>
		<immunity fire="1"/>
		<immunity paralyze="1"/>
		<immunity ice="1"/>
	</immunities>
	<voices interval="5000" chance="10">
		<voice sentence="Gaaahhh!"/>
		<voice sentence="Gluh! Gluh!"/>
		<voice sentence="Tssss!"/>
		<voice sentence="Boohaa!"/>
	</voices>
	<loot>
		<item id="2148" countmax="50" chance="99000"/>	<!-- gold coin -->
		<item id="12443" chance="15000"/>				<!-- quara tentacle -->
		<item id="2670" countmax="3" chance="9800"/>	<!-- shrimp -->
		<item id="2397" chance="8200"/>					<!-- longsword -->
		<item id="21400" chance="750" /><!-- silver raid token -->
		<item id="2465" chance="4700"/>					<!-- brass armor -->
		<item id="2150" chance="4200"/>					<!-- small amethyst -->
		<item id="5895" chance="400"/>					<!-- fish fin -->
	</loot>
</monster>
