<?xml version="1.0" encoding="UTF-8"?>
<monster name="Quara Predator Scout" nameDescription="a quara predator scout" race="blood" experience="400" speed="250" manacost="0">
	<health now="890" max="890"/>
	<look type="20" corpse="6067"/>
	<targetchange interval="4000" chance="10"/>
	<flags>
        <flag summonable="0"/>
		<flag attackable="1"/>
		<flag hostile="1"/>
		<flag illusionable="1"/>
		<flag convinceable="0"/>
		<flag pushable="0"/>
		<flag canpushitems="1"/>
		<flag canpushcreatures="1"/>
		<flag staticattack="90"/>
		<flag targetdistance="1"/>
		<flag runonhealth="0"/>
	</flags>
	<attacks>
		<attack name="melee" interval="2000" min="0" max="-190"/>
	</attacks>
	<defenses armor="30" defense="30"/>
	<elements>
		<element energyPercent="-10"/>
	</elements>
	<immunities>
		<immunity drown="1"/>
		<immunity ice="1"/>
		<immunity fire="1"/>
		<immunity lifedrain="1"/>
		<immunity invisible="1"/>
	</immunities>
	<voices interval="5000" chance="10">
		<voice sentence="Gnarrr!"/>
		<voice sentence="Tcharrr!"/>
		<voice sentence="Rrrah!"/>
		<voice sentence="Rraaar!"/>
	</voices>
	<loot>
		<item id="2148" countmax="132" chance="98000"/>	<!-- gold coin -->
		<item id="12447" chance="10150"/>				<!-- quara bone -->
		<item id="2483" chance="8500"/>					<!-- scale armor -->
		<item id="2387" chance="5500"/>					<!-- double axe -->
		<item id="2145" countmax="2" chance="5320"/>	<!-- small diamond -->
		<item id="2670" countmax="5" chance="5050"/>	<!-- shrimp -->
		<item id="21400" chance="750" /><!-- silver raid token -->
		<item id="2377" chance="2380"/>					<!-- two handed sword -->
		<item id="5895" chance="1080"/>					<!-- fish fin -->
		<item id="8911" chance="800"/>					<!-- northwind rod -->
	</loot>
</monster>
