<?xml version="1.0" encoding="UTF-8"?>
<monster name="Quara Hydromancer Scout" nameDescription="a quara hydromancer scout" race="blood" experience="800" speed="240" manacost="0">
	<health now="1100" max="1100"/>
	<look type="47" corpse="6066"/>
	<targetchange interval="4000" chance="10"/>
	<flags>
        <flag summonable="0"/>
		<flag attackable="1"/>
		<flag hostile="1"/>
		<flag illusionable="0"/>
		<flag convinceable="0"/>
		<flag pushable="0"/>
		<flag canpushitems="1"/>
		<flag canpushcreatures="1"/>
		<flag staticattack="90"/>
		<flag targetdistance="1"/>
		<flag runonhealth="0"/>
	</flags>
	<attacks>
		<attack name="melee" interval="2000" min="0" max="-40" poison="5"/>
		<attack name="lifedrain" interval="2000" chance="10" length="8" spread="0" min="-125" max="-250">
			<attribute key="areaEffect" value="bubbles"/>
		</attack>
		<attack name="ice" interval="2000" chance="10" radius="3" target="0" min="-130" max="-165">
			<attribute key="areaEffect" value="bubbles"/>
		</attack>
		<attack name="lifedrain" interval="2000" chance="15" range="7" target="1" min="-45" max="-170">
			<attribute key="areaEffect" value="redshimmer"/>
		</attack>
		<attack name="ice" interval="2000" chance="10" length="8" spread="0" min="-100" max="-210">
			<attribute key="areaEffect" value="greenspark"/>
		</attack>
		<attack name="speed" interval="2000" chance="15" range="7" speedchange="-300" duration="15000">
			<attribute key="areaEffect" value="redshimmer"/>
		</attack>
	</attacks>
	<defenses armor="15" defense="15">
		<defense name="healing" interval="2000" chance="15" min="100" max="120">
			<attribute key="areaEffect" value="blueshimmer"/>
		</defense>
	</defenses>
	<immunities>
		<immunity ice="1"/>
		<immunity fire="1"/>
		<immunity drown="1"/>
		<immunity lifedrain="1"/>
		<immunity paralyze="1"/>
		<immunity invisible="1"/>
	</immunities>
	<elements>
		<element energyPercent="-10"/>
	</elements>
	<voices interval="5000" chance="10">
		<voice sentence="Qua hah tsh!"/>
		<voice sentence="Teech tsha tshul!"/>
		<voice sentence="Quara tsha Fach!"/>
		<voice sentence="Tssssha Quara!"/>
		<voice sentence="Blubber."/>
		<voice sentence="Blup."/>
	</voices>
	<loot>
		<item id="2148" countmax="139" chance="90000"/>	<!-- gold coin -->
		<item id="2667" countmax="3" chance="19000"/>	<!-- fish -->
		<item id="12444" chance="12720"/>				<!-- quara eye -->
		<item id="2670" countmax="4" chance="9200"/>	<!-- shrimp -->
		<item id="2149" countmax="2" chance="5400"/>	<!-- small emerald -->
		<item id="21400" chance="750" /><!-- silver raid token -->
		<item id="2143" chance="4000"/>					<!-- white pearl -->
		<item id="2144" chance="2500"/>					<!-- black pearl -->
		<item id="5895" chance="1510"/>					<!-- fish fin -->
		<item id="2425" chance="1000"/>					<!-- obsidian lance -->
		<item id="2189" chance="1000"/>					<!-- wand of cosmic energy -->
		<item id="2476" chance="980"/>					<!-- knight armor -->
		<item id="2214" chance="890"/>					<!-- ring of healing -->
	</loot>
</monster>
