<?xml version="1.0" encoding="UTF-8"?>
<monster name="Rat" nameDescription="a rat" race="blood" experience="5" speed="135" manacost="200">
	<health now="20" max="20"/>
	<look type="21" corpse="5964"/>
	<targetchange interval="4000" chance="0"/>
	<flags>
	    <flag summonable="1"/>
		<flag attackable="1"/>
		<flag hostile="1"/>
		<flag illusionable="1"/>
		<flag convinceable="1"/>
		<flag pushable="1"/>
		<flag canpushitems="0"/>
		<flag canpushcreatures="0"/>
		<flag targetdistance="1"/>
		<flag staticattack="90"/>
		<flag runonhealth="5"/>
	</flags>
	<attacks>
		<attack name="melee" interval="2000" skill="10" attack="10"/>
	</attacks>
	<defenses armor="5" defense="5"/>
	<elements>
		<element earthPercent="25"/>
		<element holyPercent="20"/>
		<element icePercent="-10"/>
		<element deathPercent="-10"/>
	</elements>
	<voices interval="5000" chance="10">
		<voice sentence="Meep!"/>
	</voices>
	<loot>
		<item id="2148" countmax="4" chance="100000"/><!-- gold coin -->
		<item id="2696" chance="39410"/><!-- cheese -->
		<item id="21400" chance="750" /><!-- silver raid token -->
	</loot>
</monster>
