<?xml version="1.0" encoding="UTF-8"?>
<monster name="Serpent Spawn" nameDescription="a serpent spawn" race="venom" experience="3050" speed="250" manacost="0">
	<health now="3000" max="3000"/>
	<look type="220" corpse="4323"/>
	<targetchange interval="4000" chance="10"/>
	<flags>
        <flag summonable="0"/>
		<flag attackable="1"/>
		<flag hostile="1"/>
		<flag illusionable="0"/>
		<flag convinceable="0"/>
		<flag pushable="0"/>
		<flag canpushitems="1"/>
		<flag canpushcreatures="1"/>
		<flag targetdistance="1"/>
		<flag staticattack="80"/>
		<flag runonhealth="275"/>
	</flags>
	<attacks>
		<attack name="melee" interval="2000" min="0" max="-150"/>
		<attack name="speed" interval="4000" chance="20" range="7" target="1" speedchange="-350" duration="12000">
			<attribute key="shootEffect" value="poison"/>
		</attack>
		<attack name="earth" interval="2000" chance="20" range="7" min="-80" max="-300">
			<attribute key="shootEffect" value="poison"/>
		</attack>
		<attack name="lifedrain" interval="2000" chance="10" length="8" spread="0" min="-200" max="-400">
			<attribute key="areaEffect" value="rednote"/>
		</attack>
		<attack name="outfit" interval="2000" chance="1" range="7" item="3976" duration="3000">
			<attribute key="areaEffect" value="blueshimmer"/>
		</attack>
		<attack name="earth" interval="2000" chance="10" length="8" spread="3" min="-100" max="-450">
			<attribute key="areaEffect" value="poison"/>
		</attack>
	</attacks>
	<defenses armor="35" defense="35">
		<defense name="healing" interval="2000" chance="15" min="250" max="400">
			<attribute key="areaEffect" value="blueshimmer"/>
		</defense>
		<defense name="speed" interval="2000" chance="15" speedchange="340" duration="5000">
			<attribute key="areaEffect" value="redshimmer"/>
		</defense>
	</defenses>
	<elements>
		<element icePercent="20"/>
		<element firePercent="-10"/>
		<element energyPercent="-10"/>
	</elements>
	<immunities>
		<immunity earth="1"/>
		<immunity paralyze="1"/>
		<immunity invisible="1"/>
	</immunities>
	<voices interval="5000" chance="10">
		<voice sentence="Sssssouls for the one"/>
		<voice sentence="HISSSS" yell="1"/>
		<voice sentence="Tsssse one will risssse again"/>
		<voice sentence="I bring your deathhh, mortalssss"/>
	</voices>
	<loot>
		<item id="2148" countmax="242" chance="97000"/>	<!-- gold coin -->
		<item id="2796" chance="18200"/>				<!-- green mushroom -->
		<item id="10611" chance="14800"/>				<!-- snake skin -->
		<item id="2146" chance="11000"/>				<!-- small sapphire -->
		<item id="2168" chance="6210"/>					<!-- life ring -->
		<item id="2547" chance="6200"/>					<!-- power bolt -->
		<item id="2167" chance="5900"/>					<!-- energy ring -->
		<item id="2033" chance="2950"/>					<!-- golden mug -->
		<item id="7386" chance="2080"/>					<!-- mercenary sword -->
		<item id="7590" chance="2000"/>					<!-- great mana potion -->
		<item id="21400" chance="750" /><!-- silver raid token -->
		<item id="11230" chance="960"/>					<!-- winged tail -->
		<item id="2182" chance="930"/>					<!-- snakebite rod -->
		<item id="2528" chance="920"/>					<!-- tower shield -->
		<item id="2177" chance="800"/>					<!-- life crystal -->
		<item id="7456" chance="770"/>					<!-- noble axe -->
		<item id="2479" chance="670"/>					<!-- strange helmet -->
		<item id="4842" chance="590"/>					<!-- old parchment -->
		<item id="2475" chance="560"/>					<!-- warrior helmet -->
		<item id="2487" chance="500"/>					<!-- crown armor -->
		<item id="3971" chance="170"/>					<!-- charmer's tiara -->
		<item id="2498" chance="150"/>					<!-- royal helmet -->
		<item id="8880" chance="100"/>					<!-- swamplair armor -->
		<item id="8902" chance="90"/>					<!-- spellbook of mind control -->
	</loot>
</monster>
