<?xml version="1.0" encoding="UTF-8"?>
<monster name="Stalker" nameDescription="a stalker" race="blood" experience="90" speed="200" manacost="0">
	<health now="120" max="120"/>
	<look type="128" head="78" body="116" legs="95" feet="114" corpse="20514"/>
	<targetchange interval="4000" chance="10"/>
	<flags>
        <flag summonable="0"/>
		<flag attackable="1"/>
		<flag hostile="1"/>
		<flag illusionable="0"/>
		<flag convinceable="0"/>
		<flag pushable="0"/>
		<flag canpushitems="1"/>
		<flag canpushcreatures="0"/>
		<flag targetdistance="1"/>
		<flag staticattack="90"/>
		<flag runonhealth="0"/>
	</flags>
	<attacks>
		<attack name="melee" interval="2000" min="0" max="-70"/>
		<attack name="lifedrain" interval="1000" chance="15" range="1" min="-20" max="-30">
			<attribute key="areaEffect" value="redshimmer"/>
		</attack>
	</attacks>
	<defenses armor="15" defense="15">
		<defense name="invisible" interval="2000" chance="40" duration="6000">
			<attribute key="areaEffect" value="blueshimmer"/>
		</defense>
	</defenses>
	<elements>
		<element deathPercent="1"/>
		<element physicalPercent="-20"/>
		<element holyPercent="-5"/>
	</elements>
	<immunities>
		<immunity invisible="1"/>
		<immunity lifedrain="1"/>
	</immunities>
	<loot>
		<item id="2148" countmax="8" chance="13000"/>	<!-- gold coin -->
		<item id="21400" chance="750" /><!-- silver raid token -->
		<item id="2410" countmax="2" chance="11170"/>	<!-- throwing knife -->
		<item id="2260" chance="8670"/>					<!-- blank rune -->
		<item id="2511" chance="5510"/>					<!-- brass shield -->
		<item id="2478" chance="3500"/>					<!-- brass legs -->
		<item id="12430" chance="1550"/>				<!-- miraculum -->
		<item id="2425" chance="1210"/>					<!-- obsidian lance -->
		<item id="2412" chance="530"/>					<!-- katana -->
	</loot>
</monster>
